0,1,2,3,4,5,6,7,8,9,10,11,12,13,14,15,16,17,18,19,20,21,22,23,24,25,26,27,28,29,30,31,32,33,label
-360.80706787109375,79.39120483398438,-39.54738998413086,-11.26704216003418,-16.465927124023438,8.815550804138184,-2.3582637310028076,-0.04085693508386612,3.657007932662964,1.229524850845337,0.9634110927581787,7.582231521606445,6.689589023590088,1.3123986721038818,2.2737512588500977,3.057842493057251,5.73048734664917,-0.8881725072860718,-0.5334324240684509,3.715272903442383,0.4461248517036438,0.44212231040000916,0.5067391395568848,0.4000464379787445,0.24177230894565582,0.21905303001403809,0.298263818025589,0.24965067207813263,0.23355673253536224,0.26380518078804016,0.3101596236228943,0.390463262796402,0.2837572180706522,3093.572126614338,alarm
-321.7567443847656,58.804534912109375,-22.370145797729492,-15.044885635375977,-10.415247917175293,3.895249605178833,-0.9073776602745056,1.841883659362793,-10.713587760925293,8.09439468383789,-3.676243305206299,5.799252986907959,-7.467242240905762,2.7263834476470947,-8.04255199432373,-0.08264217525720596,-7.296776294708252,2.5039663314819336,-5.965597152709961,4.099543571472168,0.47253820300102234,0.5521920323371887,0.4842683970928192,0.47421693801879883,0.5499191880226135,0.5376700162887573,0.48677194118499756,0.42365825176239014,0.41672444343566895,0.4738912284374237,0.46118059754371643,0.4421875476837158,0.20494210379464287,3255.152731891423,alarm
-360.4737854003906,78.20054626464844,-71.46961975097656,11.690394401550293,-20.099512100219727,-0.33982977271080017,20.55597496032715,3.1888465881347656,13.470559120178223,-2.4651987552642822,0.595051109790802,7.714302062988281,5.128931999206543,7.9688591957092285,4.52874755859375,7.331660270690918,4.97089958190918,0.585900068283081,5.3688554763793945,8.06387996673584,0.6534404158592224,0.6179680824279785,0.4994291663169861,0.4396224617958069,0.4437766373157501,0.43870094418525696,0.43139684200286865,0.4357699453830719,0.4478466510772705,0.4557134211063385,0.5000700354576111,0.559057354927063,0.052698013630319146,1643.4500762313132,alarm
-439.0545349121094,55.659793853759766,19.483787536621094,21.246126174926758,6.621643543243408,20.027172088623047,8.706844329833984,11.71642780303955,2.7613468170166016,11.301117897033691,1.5043755769729614,10.878206253051758,-1.1323869228363037,7.525869369506836,-0.49017128348350525,7.3163228034973145,-2.0324387550354004,6.433417320251465,-4.735932350158691,4.258945465087891,0.5625078678131104,0.6000223755836487,0.7681506276130676,0.8916356563568115,0.6990839242935181,0.5779295563697815,0.4851161539554596,0.3869563043117523,0.38210636377334595,0.4248688519001007,0.466755211353302,0.5569708347320557,0.09578450520833333,3123.520926416296,alarm
-326.58843994140625,103.2403564453125,10.496190071105957,5.258340835571289,-1.822549819946289,18.17276382446289,-6.657099723815918,7.691687107086182,-16.048709869384766,2.5061135292053223,-16.88572120666504,3.195782423019409,-4.7066192626953125,-2.1949524879455566,-0.12607327103614807,4.722618579864502,1.1539976596832275,-2.997324228286743,-6.158417701721191,1.4288897514343262,0.4973042607307434,0.5108621120452881,0.6109084486961365,0.6452590227127075,0.6002099514007568,0.5895631909370422,0.6548420786857605,0.6897417306900024,0.5685390830039978,0.5513598918914795,0.5286272764205933,0.46144184470176697,0.0882568359375,2345.8876413259745,alarm
-428.5538024902344,85.42831420898438,15.89863109588623,-8.91265869140625,2.6638975143432617,3.9540793895721436,13.269490242004395,8.42868423461914,-8.11662483215332,23.279422760009766,-16.450443267822266,13.982841491699219,-9.09953784942627,8.791414260864258,-8.839666366577148,2.64089035987854,-3.469712495803833,9.503231048583984,-8.673490524291992,9.090923309326172,0.5226213335990906,0.549745500087738,0.5190209150314331,0.601806640625,0.6255414485931396,0.6483651399612427,0.6425736546516418,0.5380620360374451,0.5273871421813965,0.5650677680969238,0.5801602602005005,0.5680901408195496,0.15780029296875,3234.564842976252,alarm
-525.6027221679688,152.65643310546875,23.213064193725586,33.02272033691406,-6.427431583404541,26.304840087890625,2.9929492473602295,15.575282096862793,-2.34138560295105,11.318150520324707,-8.5274658203125,3.152381658554077,-5.3355889320373535,2.2553577423095703,0.3388826549053192,-6.484472751617432,-5.255288600921631,-4.043313980102539,-0.6683863997459412,-1.4633792638778687,0.7745526432991028,0.4977305233478546,0.37241125106811523,0.35343965888023376,0.5194166302680969,0.7313631176948547,0.4705388844013214,0.25004294514656067,0.173106387257576,0.14593222737312317,0.17289172112941742,0.44257891178131104,0.030680338541666668,1048.7083380058266,alarm
-366.6581726074219,156.07421875,3.590256929397583,10.110638618469238,-4.93126916885376,18.132152557373047,12.084405899047852,8.973881721496582,9.6702299118042,1.0592472553253174,5.8329315185546875,-0.47342249751091003,3.281667709350586,1.2160348892211914,3.2172036170959473,1.8255163431167603,0.3096854090690613,1.7934683561325073,-3.4955811500549316,2.339012384414673,0.7588534951210022,0.6711721420288086,0.6221616864204407,0.5871649980545044,0.5136210322380066,0.4685038924217224,0.4548284709453583,0.48167482018470764,0.5070490837097168,0.543455958366394,0.615157961845398,0.7328717112541199,0.038127331114054655,1060.565307362332,food_call
-355.9570617675781,150.45379638671875,5.67788028717041,5.428985595703125,-7.4576640129089355,10.538735389709473,14.455172538757324,9.314193725585938,6.55034875869751,2.3054683208465576,4.655613899230957,-0.02205595374107361,3.7034809589385986,0.49254152178764343,0.24586868286132812,-0.028902173042297363,-1.4575303792953491,0.05204308032989502,-2.986070394515991,-0.898914098739624,0.5969459414482117,0.5604982376098633,0.525032639503479,0.4936743378639221,0.45359742641448975,0.44798457622528076,0.47777464985847473,0.5337096452713013,0.5669385194778442,0.6397168040275574,0.6901508569717407,0.6551971435546875,0.04277969077274087,1100.4065413483975,food_call
-373.7039794921875,144.2830047607422,13.0767183303833,17.32392692565918,3.476787567138672,17.63390350341797,13.601190567016602,10.029026985168457,6.49488639831543,3.7383317947387695,6.640059947967529,-2.1592118740081787,2.228145122528076,-0.4331986904144287,0.09941255301237106,0.7407358288764954,-1.3194999694824219,-0.7537887692451477,-3.067596197128296,0.26158425211906433,0.4454430937767029,0.40923812985420227,0.42984476685523987,0.4864968955516815,0.5639165043830872,0.5813031196594238,0.5665394067764282,0.6310842633247375,0.5790978670120239,0.4969470798969269,0.4703403413295746,0.47529229521751404,0.029863486482049038,1014.5343233359349,food_call
-314.6095886230469,122.93546295166016,-29.767967224121094,33.2314567565918,-16.84554100036621,17.758623123168945,3.672532320022583,3.6708428859710693,12.567036628723145,-1.8288060426712036,8.590461730957031,-6.596705913543701,7.410252094268799,-3.7178685665130615,2.7383172512054443,-1.4208779335021973,-5.157500743865967,2.875074863433838,-9.874811172485352,7.4762654304504395,0.6778479218482971,0.6428783535957336,0.579877495765686,0.5222339034080505,0.5256132483482361,0.5250952839851379,0.566825270652771,0.5800158977508545,0.6175228357315063,0.613350510597229,0.6055961847305298,0.6396728157997131,0.10384377100134409,1933.0598797262578,food_call
-368.30279541015625,172.2210235595703,-15.89946460723877,6.48822021484375,-12.288284301757812,11.415358543395996,10.333700180053711,5.969674587249756,7.840277671813965,-0.3274611830711365,2.975785255432129,0.5994178056716919,7.713812828063965,3.4704575538635254,3.941706657409668,-0.31808507442474365,-3.853567361831665,-0.7188670635223389,-4.197371959686279,0.01568754017353058,0.5651693940162659,0.5840012431144714,0.5182800889015198,0.44170626997947693,0.39702481031417847,0.3816589415073395,0.3581484258174896,0.37523889541625977,0.3963180482387543,0.39935797452926636,0.43734657764434814,0.5029387474060059,0.05583659677228192,1051.6803730231973,food_call
-393.05340576171875,169.36732482910156,-12.89410400390625,8.456141471862793,-18.261943817138672,17.605741500854492,5.581217288970947,1.1046535968780518,9.40988826751709,0.6678802967071533,7.054416656494141,-3.8779819011688232,6.304144382476807,2.0454819202423096,1.9614170789718628,1.4843801259994507,-1.8096150159835815,1.8919973373413086,-2.8586628437042236,3.802936315536499,0.6215534806251526,0.6614835858345032,0.6306297779083252,0.603577733039856,0.5636716485023499,0.571110725402832,0.5578722357749939,0.5734187364578247,0.5925601124763489,0.6017192602157593,0.5947265028953552,0.5953059792518616,0.056449672825250194,1190.3123286884384,food_call
-386.6869812011719,172.72227478027344,-24.464021682739258,10.971358299255371,-21.869253158569336,22.81979751586914,6.389891624450684,-1.3933802843093872,9.730416297912598,0.06904512643814087,6.219098091125488,-3.646257162094116,10.609153747558594,1.8477507829666138,2.7950801849365234,-0.5773478746414185,-3.631591558456421,3.322819232940674,-6.247668743133545,5.2364091873168945,0.6624688506126404,0.7066290378570557,0.6599798202514648,0.53343266248703,0.4779098331928253,0.43394532799720764,0.436909556388855,0.4840313494205475,0.5153289437294006,0.5282142162322998,0.5505083799362183,0.5540643930435181,0.06014297415034562,1217.245264710183,food_call
-441.9041442871094,152.22450256347656,-1.8874884843826294,30.370141983032227,-12.688507080078125,30.943178176879883,17.96087646484375,13.310540199279785,11.55890941619873,2.7463388442993164,14.353581428527832,-4.178853988647461,7.7103471755981445,-2.2896921634674072,4.738279342651367,3.4937355518341064,-2.406808614730835,3.8826422691345215,-7.7095794677734375,6.677708625793457,0.2642214000225067,0.29314252734184265,0.44499266147613525,0.6618711352348328,0.845797598361969,0.6992712616920471,0.49114754796028137,0.3271247446537018,0.2624206244945526,0.2634912133216858,0.29976391792297363,0.29762136936187744,0.03201617765273312,1067.0518573910704,food_call
-528.3182983398438,81.4117660522461,-1.0791783332824707,8.508026123046875,1.3771497011184692,8.193792343139648,0.41663339734077454,10.257591247558594,4.811831474304199,10.544599533081055,4.401591777801514,10.31900691986084,1.8306734561920166,7.193045616149902,-0.1416916698217392,4.819232940673828,1.4587751626968384,7.6312479972839355,3.6700034141540527,7.899970531463623,0.5810418128967285,0.5836100578308105,0.6222155094146729,0.6694263219833374,0.6596894264221191,0.6064748764038086,0.5511138439178467,0.540420651435852,0.5374486446380615,0.5242894291877747,0.5071058869361877,0.5445931553840637,0.12667223743556702,2539.031184842479,food_call
-264.4112548828125,87.75164794921875,-11.591510772705078,19.513221740722656,-20.643583297729492,-5.256719589233398,8.387500762939453,9.199166297912598,-17.214214324951172,19.10153579711914,-6.376307964324951,2.242523431777954,-0.291579931974411,4.4954986572265625,-4.276134967803955,4.078972339630127,-1.8347909450531006,2.7649059295654297,-6.198533058166504,4.956295967102051,0.37676286697387695,0.2885245680809021,0.3077796995639801,0.3279779553413391,0.34127455949783325,0.3879755139350891,0.4249768555164337,0.4315110743045807,0.48466211557388306,0.516901433467865,0.478110671043396,0.4432849884033203,0.18969913882672634,2686.2374966067096,food_call
-337.830078125,188.5263214111328,-52.48229217529297,33.911354064941406,-30.990137100219727,41.36106491088867,-2.974600315093994,12.159067153930664,-3.367969274520874,2.506502866744995,12.094986915588379,-3.408540964126587,13.523396492004395,-14.615097045898438,7.582935810089111,-7.110540866851807,-2.113172769546509,3.689455270767212,2.020995855331421,-0.6593809127807617,0.6896995902061462,0.8335019946098328,0.8156742453575134,0.6510086059570312,0.5058510899543762,0.44970348477363586,0.4220953583717346,0.38042593002319336,0.34511902928352356,0.3420744836330414,0.43332651257514954,0.5885538458824158,0.05460902622767857,1266.6143172516836,food_call
-493.72540283203125,155.40960693359375,29.26896095275879,2.902646780014038,-8.894418716430664,2.281385660171509,-1.659005880355835,10.64353084564209,-1.4406096935272217,10.034870147705078,-3.088630437850952,10.791104316711426,6.681548595428467,15.810775756835938,14.284158706665039,1.3584511280059814,3.932422161102295,-1.54038667678833,1.1855053901672363,-5.900325298309326,0.45699232816696167,0.43494439125061035,0.442779541015625,0.3716714680194855,0.28884318470954895,0.2830905616283417,0.30597731471061707,0.33760693669319153,0.3523084819316864,0.35513073205947876,0.4385230243206024,0.5094053745269775,0.042146381578947366,1074.4139747082552,food_call
-398.74285888671875,153.27059936523438,1.3670376539230347,0.17689180374145508,-29.168521881103516,-1.0521291494369507,1.1275012493133545,7.871936798095703,3.520348072052002,14.478654861450195,-6.368526935577393,0.960851788520813,-6.995017051696777,4.079819202423096,4.787276268005371,3.2163190841674805,1.1825038194656372,-0.6143462657928467,6.776174545288086,-3.849210739135742,0.3955043852329254,0.3962920606136322,0.3674050569534302,0.3639245331287384,0.3618345260620117,0.419729620218277,0.49153390526771545,0.5391313433647156,0.6510927081108093,0.6147812604904175,0.5496057868003845,0.48473209142684937,0.057689144736842106,1254.9365456253336,food_call
-410.26873779296875,159.74319458007812,-11.331709861755371,-7.423040390014648,-23.37213897705078,-6.642673969268799,5.5458245277404785,2.3770089149475098,5.331693172454834,6.52072811126709,-9.939515113830566,-1.063262939453125,-7.350390434265137,8.604524612426758,10.144174575805664,7.426702976226807,9.653853416442871,-1.2834314107894897,0.28922969102859497,-5.762115955352783,0.35201773047447205,0.28870198130607605,0.2689625024795532,0.2743592858314514,0.27767160534858704,0.31019729375839233,0.34127190709114075,0.3726251721382141,0.46864432096481323,0.52357417345047,0.42049258947372437,0.38225868344306946,0.07096525493421052,1196.780864316909,food_call
-463.1473083496094,147.4283447265625,12.140811920166016,-15.540292739868164,-23.11212921142578,-8.399924278259277,11.505081176757812,2.9821197986602783,6.386836528778076,15.650673866271973,-18.214542388916016,-11.540903091430664,-10.126885414123535,10.004068374633789,10.140973091125488,18.68256950378418,5.918083667755127,-5.308717727661133,-13.455245018005371,-6.935918807983398,0.24986381828784943,0.16761480271816254,0.1489272117614746,0.13640207052230835,0.16640308499336243,0.19320382177829742,0.25978976488113403,0.36793282628059387,0.43148094415664673,0.411584734916687,0.47822293639183044,0.4496859014034271,0.10467739762931035,1640.229318587733,food_call
-473.1432189941406,183.2773895263672,-12.680917739868164,3.6312477588653564,-23.34147834777832,0.7592957615852356,14.473865509033203,0.5683702826499939,-1.3876984119415283,4.384802341461182,-27.81904411315918,0.34477198123931885,11.34386920928955,15.506858825683594,15.01654052734375,13.049665451049805,8.812065124511719,-12.52076244354248,-5.387872695922852,-3.3846092224121094,0.5131439566612244,0.26311811804771423,0.18646636605262756,0.1563967615365982,0.08785751461982727,0.06656435132026672,0.08056411892175674,0.14294883608818054,0.24097983539104462,0.23417644202709198,0.3468363881111145,0.4246264100074768,0.06475933527542373,970.9998687398665,food_call
-402.1100158691406,198.20372009277344,-37.81112289428711,40.06923294067383,-41.73240661621094,38.47168731689453,-15.238451957702637,11.533478736877441,-1.5657216310501099,-0.9230719804763794,5.7340168952941895,-7.171257019042969,15.477152824401855,-9.894318580627441,12.293928146362305,-4.051149845123291,1.251020073890686,-5.112266540527344,-1.0508583784103394,1.8913991451263428,0.7136507630348206,0.5887236595153809,0.5707575678825378,0.5693536400794983,0.4742686450481415,0.38782230019569397,0.3919694125652313,0.4255359172821045,0.514117956161499,0.5966123342514038,0.6766710877418518,0.7703200578689575,0.049156314036885244,1079.2478037164833,food_call
-480.7432861328125,193.0174560546875,-6.444067001342773,11.440091133117676,-25.926815032958984,7.633205413818359,14.987068176269531,11.99954605102539,-3.9998013973236084,3.898167610168457,-18.478759765625,-6.478429794311523,-8.027059555053711,1.444500207901001,8.49338436126709,11.547794342041016,13.287840843200684,-3.78173828125,-1.1392346620559692,-8.305733680725098,0.2395455539226532,0.23980320990085602,0.3195384740829468,0.32134100794792175,0.272060751914978,0.22213847935199738,0.21420270204544067,0.23469170928001404,0.28333207964897156,0.4633602797985077,0.566411554813385,0.33896535634994507,0.0545196533203125,950.1845541204152,food_call
-407.153564453125,160.93310546875,1.424941897392273,-6.92090368270874,-19.243497848510742,-9.6563138961792,8.96121883392334,15.646585464477539,-3.4741013050079346,-2.6402101516723633,-30.350854873657227,-22.28867530822754,4.787680625915527,28.28543472290039,20.74427032470703,1.242180347442627,12.525579452514648,-9.517463684082031,-19.596046447753906,-3.3954522609710693,0.17368356883525848,0.11949427425861359,0.06791090965270996,0.061000678688287735,0.04676220938563347,0.07611778378486633,0.06334149092435837,0.10945466160774231,0.1860916018486023,0.28431981801986694,0.5440783500671387,0.5098031759262085,0.06898211050724638,1035.946957119195,food_call
-362.6734313964844,201.2621612548828,-24.27824592590332,27.16492462158203,-42.025108337402344,32.102500915527344,-5.716087341308594,10.382800102233887,1.3363566398620605,1.8357446193695068,7.156411647796631,-8.946051597595215,11.463150978088379,-16.321487426757812,0.7956578135490417,0.2824627161026001,2.337477684020996,-1.8425132036209106,1.1297584772109985,3.148545265197754,0.6056249141693115,0.5553987622261047,0.44271770119667053,0.4038664400577545,0.3860114514827728,0.432935893535614,0.45600906014442444,0.4933236539363861,0.4893045127391815,0.3885899782180786,0.4196096360683441,0.4784265160560608,0.04651569870283019,987.9380671275987,food_call
-403.11480712890625,186.57009887695312,-37.079864501953125,32.762271881103516,-32.11357879638672,50.21492004394531,4.816910266876221,18.087167739868164,-0.371419757604599,0.5877770185470581,5.822803497314453,-9.3922700881958,10.551888465881348,-9.974970817565918,9.795246124267578,-3.152219772338867,6.6265692710876465,-0.3618418872356415,-2.1507492065429688,3.078362464904785,0.620364785194397,0.6113169193267822,0.528537929058075,0.5820387005805969,0.5745068788528442,0.5209481120109558,0.5181531310081482,0.5793359279632568,0.6165259480476379,0.613482654094696,0.6189847588539124,0.6372434496879578,0.041325266768292686,1102.6350180635802,food_call
-336.4993591308594,191.08111572265625,-54.122291564941406,33.14138412475586,-30.999637603759766,40.721282958984375,-3.4398021697998047,11.824540138244629,-3.5964953899383545,2.543778896331787,12.554974555969238,-2.976583957672119,13.512029647827148,-14.558137893676758,7.735393524169922,-7.313838481903076,-1.9602141380310059,3.65790057182312,2.22631573677063,-0.42279377579689026,0.6859997510910034,0.8261532187461853,0.8157699704170227,0.6480960249900818,0.49851810932159424,0.4439723491668701,0.41642701625823975,0.37616345286369324,0.3464339077472687,0.3392285704612732,0.4268135726451874,0.583892285823822,0.05504918981481482,1240.616794645069,food_call
-462.9609680175781,140.4842529296875,-2.9162418842315674,20.833477020263672,-18.211442947387695,12.765937805175781,-6.992487907409668,0.1509075164794922,-7.0583648681640625,3.1241233348846436,-9.308030128479004,9.652814865112305,3.6541152000427246,11.419549942016602,6.68762731552124,-4.387779235839844,3.018409252166748,-4.040902614593506,-1.0129663944244385,-4.29124116897583,0.3621492087841034,0.6334465146064758,0.47588667273521423,0.28284212946891785,0.30678531527519226,0.23301361501216888,0.17112892866134644,0.20910990238189697,0.2816440165042877,0.25689151883125305,0.16772978007793427,0.19554761052131653,0.058266440590659344,1501.6457816054808,food_call
-358.7652893066406,182.52627563476562,-20.984615325927734,12.325150489807129,-32.28224563598633,27.483919143676758,7.102044582366943,11.695176124572754,3.1464505195617676,-3.2804572582244873,-7.077308177947998,-12.295166015625,11.893889427185059,3.6838538646698,17.485706329345703,8.561205863952637,5.116317272186279,-9.050797462463379,-13.925444602966309,-4.232402801513672,0.3977001905441284,0.25742006301879883,0.21402211487293243,0.17316129803657532,0.17278455197811127,0.1719743013381958,0.1984519511461258,0.25304919481277466,0.20002523064613342,0.2207154780626297,0.6122645735740662,0.6594580411911011,0.06503693953804347,1047.1375330240146,food_call
-431.51123046875,159.1038360595703,-11.947178840637207,-6.573975086212158,-22.71619987487793,14.623376846313477,-4.288288116455078,-2.328490972518921,-2.7534453868865967,9.078194618225098,-9.521071434020996,10.718345642089844,0.07688316702842712,13.117365837097168,13.545310974121094,10.491268157958984,18.881250381469727,4.050934791564941,3.655099868774414,-13.692627906799316,0.20479384064674377,0.26831838488578796,0.2473754733800888,0.20525696873664856,0.22463300824165344,0.2673943340778351,0.23746201395988464,0.28687584400177,0.3329067528247833,0.44287624955177307,0.5712767839431763,0.32438284158706665,0.06445777529761905,1240.3920453738099,food_call
-402.112548828125,150.63494873046875,-18.65367889404297,1.1862834692001343,-20.17510414123535,-5.19357442855835,9.912084579467773,-1.6329463720321655,-11.496004104614258,0.3385240137577057,-26.97848129272461,-10.339071273803711,5.754508972167969,23.307212829589844,24.51375961303711,4.018416881561279,1.7248060703277588,-20.96222496032715,-14.010665893554688,3.115548610687256,0.44057294726371765,0.12674428522586823,0.09430261701345444,0.1061195433139801,0.06451203674077988,0.06647218018770218,0.09793497622013092,0.1448265165090561,0.13814294338226318,0.2035355418920517,0.3760024905204773,0.8112538456916809,0.06962492028061225,1202.9530972521482,food_call
-269.34490966796875,94.66207885742188,-13.019367218017578,8.254454612731934,-16.96080780029297,-0.48941272497177124,3.80637788772583,12.51402759552002,-12.815825462341309,15.017980575561523,-0.491369366645813,5.282452583312988,-3.053367853164673,5.584035396575928,-5.939509868621826,6.567131996154785,-2.2975380420684814,1.9304993152618408,-5.393048286437988,4.27834415435791,0.3008537292480469,0.3127492666244507,0.35871246457099915,0.3845893144607544,0.40045085549354553,0.3659895062446594,0.41018587350845337,0.5060569047927856,0.4953975975513458,0.45224428176879883,0.4420948326587677,0.4048830568790436,0.1447265625,2507.0062663919484,food_call
-235.93714904785156,101.6951675415039,-24.153532028198242,6.954782009124756,-32.929832458496094,-4.130834579467773,6.8158793449401855,10.767348289489746,-18.40897560119629,18.16533088684082,-10.202820777893066,4.624434471130371,0.2769581973552704,3.2993202209472656,-7.500748157501221,6.3753509521484375,-9.116975784301758,-0.1982688158750534,-6.008497714996338,10.039963722229004,0.3098311126232147,0.19634273648262024,0.17749983072280884,0.2910779118537903,0.38992705941200256,0.40159618854522705,0.40487033128738403,0.301674485206604,0.32113322615623474,0.3285382390022278,0.45884671807289124,0.7459824681282043,0.14602864583333333,2345.7099198791248,food_call
-212.21224975585938,109.74980163574219,-17.085891723632812,5.186729431152344,-47.55065155029297,-16.005619049072266,8.696139335632324,9.260211944580078,-17.679834365844727,15.792393684387207,-15.634269714355469,5.720020294189453,0.22299900650978088,5.078514099121094,-9.282087326049805,7.762713432312012,-1.5437546968460083,4.730782985687256,-6.423696994781494,0.082044318318367,0.2824883759021759,0.1921004354953766,0.2117878496646881,0.4023531377315521,0.31090521812438965,0.3093283772468567,0.3658302128314972,0.31862783432006836,0.34570562839508057,0.6487611532211304,0.7957257628440857,0.6061261296272278,0.1517578125,2178.7148602858215,food_call
-234.35302734375,124.78388977050781,-21.216123580932617,-4.026765823364258,-24.2412109375,7.345881938934326,5.934905052185059,9.943655967712402,-17.566726684570312,7.474926471710205,-9.900781631469727,2.764293909072876,4.341371059417725,22.08498191833496,-1.4210126399993896,4.068053245544434,-4.571944236755371,-4.552066326141357,-11.248320579528809,8.84183406829834,0.5642149448394775,0.6410146951675415,0.3658033013343811,0.24727782607078552,0.14843042194843292,0.1521083414554596,0.1302853673696518,0.1553533375263214,0.31649500131607056,0.2500079274177551,0.4530504643917084,0.620306134223938,0.10349684495192307,1824.6267566034364,food_call
-267.85797119140625,130.56021118164062,-10.86993408203125,-7.279733180999756,-31.341760635375977,-7.102397918701172,-3.8720462322235107,5.760937213897705,-0.06127891689538956,12.266741752624512,-5.783362865447998,1.7563600540161133,-10.166409492492676,8.921091079711914,-12.640546798706055,-0.04664039611816406,-12.007013320922852,7.706493377685547,-6.464316368103027,9.1294527053833,0.3800586760044098,0.2871631979942322,0.3006353974342346,0.37563541531562805,0.5162181854248047,0.5852605104446411,0.8870148658752441,0.7702351808547974,0.6255320906639099,0.4185982346534729,0.27896273136138916,0.32730352878570557,0.082861328125,1776.8032689340005,food_call
-279.14984130859375,135.46005249023438,-3.731468915939331,-5.433550834655762,-37.148887634277344,-8.213674545288086,-10.523472785949707,4.615588188171387,8.036412239074707,9.014455795288086,-4.427458763122559,5.020936489105225,-9.761128425598145,8.384073257446289,-13.256607055664062,2.831911087036133,-7.182631015777588,1.3249027729034424,-10.42674732208252,3.981626510620117,0.2324451506137848,0.30892258882522583,0.4628139138221741,0.5346934199333191,0.5838121175765991,0.5349321961402893,0.4253069758415222,0.411024808883667,0.6277321577072144,0.6499342918395996,0.44177037477493286,0.28259605169296265,0.065966796875,1621.59828111058,food_call
-267.8641662597656,94.9911117553711,-14.67741584777832,21.314102172851562,-12.91729736328125,-1.6800938844680786,5.513996124267578,12.842172622680664,-18.624723434448242,19.52752113342285,-4.5836896896362305,1.2105339765548706,1.0927553176879883,7.622663497924805,-5.447137355804443,5.474040508270264,-2.792490243911743,-0.22322840988636017,-9.629583358764648,7.641035079956055,0.3928031623363495,0.4220418930053711,0.39495453238487244,0.35039177536964417,0.33225128054618835,0.37389075756073,0.47721073031425476,0.5064728260040283,0.4914860129356384,0.4346792995929718,0.42233806848526,0.4352816045284271,0.1672998046875,2522.398743306275,food_call
-243.83348083496094,89.26966857910156,-12.74401569366455,17.81041145324707,-26.11578369140625,-10.642643928527832,5.547938823699951,6.761151313781738,-20.020263671875,20.934694290161133,-5.49020528793335,4.138007164001465,-4.110105991363525,2.6508712768554688,-2.7215733528137207,3.9481630325317383,-1.576392412185669,5.734469413757324,-5.816123008728027,3.7690799236297607,0.3149503171443939,0.18682457506656647,0.20315828919410706,0.28773438930511475,0.34231430292129517,0.43165943026542664,0.47226569056510925,0.4498308002948761,0.4581572413444519,0.3903779089450836,0.41270071268081665,0.5042879581451416,0.20384235146604937,2699.8800164405247,food_call
-255.44705200195312,73.83502960205078,-7.3672380447387695,21.97376251220703,-27.815078735351562,-7.975060939788818,9.730607032775879,10.790451049804688,-25.675891876220703,20.915508270263672,-8.395430564880371,0.5054377317428589,0.5476664304733276,3.4292922019958496,-6.603063106536865,5.555864334106445,-3.2501542568206787,-1.043428897857666,-5.088878631591797,7.070074081420898,0.2498834729194641,0.19017791748046875,0.2019844651222229,0.1460418999195099,0.21272850036621094,0.3304155468940735,0.3845785856246948,0.34080231189727783,0.4658561944961548,0.6480460166931152,0.3529755473136902,0.3519044518470764,0.224822998046875,3069.4573833444424,food_call
-252.54833984375,78.11532592773438,-7.232193946838379,26.506019592285156,-41.179256439208984,-17.17780876159668,11.779744148254395,8.527466773986816,-23.416797637939453,28.80559539794922,-13.781416893005371,-0.7179667353630066,2.081571102142334,5.143829345703125,-11.068674087524414,-1.803784728050232,-0.6186954975128174,0.9386035203933716,-7.203153610229492,8.148802757263184,0.19898682832717896,0.1707054078578949,0.18845108151435852,0.12315588444471359,0.1488882452249527,0.36193329095840454,0.4800979197025299,0.3158208429813385,0.44782495498657227,0.6457211971282959,0.5295050144195557,0.32409170269966125,0.2233344184027778,2937.49122852399,food_call
-250.0574493408203,116.9659652709961,-11.543191909790039,2.478703022003174,-43.708457946777344,-15.609585762023926,8.453701972961426,12.035292625427246,-17.06461524963379,14.117230415344238,-6.683019161224365,2.143507719039917,0.5251023769378662,10.820512771606445,-5.8946990966796875,3.405005931854248,2.1337647438049316,2.159731149673462,-10.246162414550781,8.516395568847656,0.336460679769516,0.20531125366687775,0.18838651478290558,0.24653360247612,0.25575798749923706,0.2638265788555145,0.29585161805152893,0.5008419752120972,0.632195234298706,0.5972270369529724,0.391232430934906,0.4821501672267914,0.1365234375,2089.168737352902,food_call
-240.33206176757812,92.0916519165039,-20.91550636291504,18.154905319213867,-32.80430603027344,-16.839284896850586,1.6365283727645874,5.506589412689209,-28.882665634155273,26.509090423583984,-11.82792854309082,8.755078315734863,3.5599427223205566,1.8634719848632812,-5.132126808166504,3.5408592224121094,1.7889865636825562,-0.6400080323219299,-7.916481018066406,2.0699920654296875,0.31478625535964966,0.27892667055130005,0.1875857412815094,0.21133765578269958,0.32281118631362915,0.4038078784942627,0.2963375449180603,0.4385911524295807,0.5958215594291687,0.7737668752670288,0.4650346636772156,0.3606530427932739,0.196142578125,2688.0440837214974,food_call
-246.9267578125,112.86253356933594,-3.872581958770752,8.402112007141113,-44.663063049316406,-15.608901977539062,2.3380656242370605,-5.905336380004883,-13.755441665649414,23.442790985107422,-14.939061164855957,5.897871971130371,0.39005565643310547,6.983090877532959,-5.573511600494385,-1.0560106039047241,-6.826274871826172,4.370754718780518,-8.370379447937012,7.448763847351074,0.3957824110984802,0.36472195386886597,0.3872973620891571,0.48835378885269165,0.4202856421470642,0.6198796033859253,0.47151264548301697,0.2985075116157532,0.3312641680240631,0.35689210891723633,0.3507164716720581,0.34488075971603394,0.166259765625,2212.661995442435,food_call
-524.6172485351562,121.21599578857422,1.6813191175460815,3.3081555366516113,-17.142539978027344,9.417542457580566,1.1391193866729736,16.683277130126953,4.843318939208984,10.931541442871094,-9.408370971679688,-0.027087407186627388,-4.789235591888428,7.590052127838135,8.655110359191895,5.262228012084961,4.9895782470703125,2.328509569168091,2.0196785926818848,1.355528473854065,0.465237021446228,0.3781544864177704,0.3611660301685333,0.27705705165863037,0.24359305202960968,0.2785670757293701,0.3305206596851349,0.3803161084651947,0.4177505373954773,0.4942864775657654,0.5422484874725342,0.5104557871818542,0.16142578125,2239.383372726756,food_call
-507.15679931640625,130.65863037109375,10.34414291381836,29.662355422973633,-17.621212005615234,13.950010299682617,-0.7619920969009399,14.412643432617188,-1.81892728805542,13.065892219543457,-3.7259321212768555,5.378298282623291,-2.2938830852508545,4.687892913818359,4.93356466293335,2.464092493057251,6.808200836181641,1.2296026945114136,5.138761520385742,2.0850517749786377,0.46045148372650146,0.5070141553878784,0.5589105486869812,0.5256727337837219,0.5051766633987427,0.602635383605957,0.5195002555847168,0.4722791612148285,0.5332684516906738,0.6722698211669922,0.6304090619087219,0.5488379597663879,0.05091178063118812,1516.5487289431467,food_call
-422.56719970703125,102.54192352294922,6.618563175201416,15.905357360839844,7.9402971267700195,14.436483383178711,15.87721061706543,9.319358825683594,10.312897682189941,7.847747802734375,5.310729503631592,3.1931090354919434,6.039702892303467,5.344155311584473,8.439156532287598,7.115325450897217,3.4612817764282227,2.987379312515259,-0.5889996886253357,1.7788242101669312,0.5186592936515808,0.5079804062843323,0.5446344017982483,0.5675975680351257,0.5892658233642578,0.5745433568954468,0.5334615707397461,0.5590336322784424,0.5893175601959229,0.6034825444221497,0.6040289998054504,0.5550299882888794,0.045975248500494684,1314.3690680752165,hello
-462.445068359375,124.33598327636719,6.772486209869385,43.14476013183594,8.807083129882812,28.470443725585938,19.955076217651367,18.33443260192871,15.709699630737305,6.561848163604736,10.285306930541992,-1.7727792263031006,9.191388130187988,-0.7203229069709778,4.483665943145752,2.0018208026885986,-3.218169927597046,3.782111644744873,-5.209987163543701,4.463589668273926,0.570490300655365,0.499775767326355,0.47583040595054626,0.49792829155921936,0.5133457779884338,0.5310126543045044,0.5212659239768982,0.5584684610366821,0.5786716938018799,0.6223205924034119,0.5964730381965637,0.5929225087165833,0.026555435730493092,1100.793358254248,hello
-414.62030029296875,127.19538879394531,7.239848613739014,17.145998001098633,-8.288554191589355,12.454384803771973,-4.897594928741455,9.896703720092773,-2.510082721710205,8.642807006835938,-7.145740509033203,5.304994583129883,-2.9606316089630127,0.9462866187095642,4.0583062171936035,0.7250262498855591,2.4644646644592285,-5.315793514251709,1.4259960651397705,-4.14860200881958,0.5802329778671265,0.5251222848892212,0.5012913346290588,0.46641668677330017,0.46618565917015076,0.4817512333393097,0.4790405333042145,0.49895262718200684,0.5208584666252136,0.5016233921051025,0.5001248717308044,0.5660696625709534,0.07532152078919492,1742.7527246463544,hello
-421.5342102050781,156.8957977294922,-6.36979341506958,42.56927490234375,-22.62381935119629,29.534748077392578,4.043225288391113,22.21404457092285,11.76755428314209,11.008467674255371,10.090557098388672,-9.480788230895996,10.095897674560547,-5.239180088043213,10.452964782714844,0.17165441811084747,1.0068144798278809,-0.006616468075662851,-4.496306896209717,-0.7570303082466125,0.36026763916015625,0.34395283460617065,0.49486425518989563,0.5990265011787415,0.5885715484619141,0.4949001967906952,0.38411247730255127,0.37101176381111145,0.43553075194358826,0.6229293942451477,0.6438350081443787,0.5018628239631653,0.030952785326086956,1026.8235413290856,hello
-405.85797119140625,175.96310424804688,-10.353679656982422,17.314922332763672,-21.33009910583496,13.604923248291016,10.005241394042969,4.846524238586426,11.436046600341797,2.276557207107544,5.627987384796143,-6.889188766479492,1.5815386772155762,-3.095104932785034,-0.3342556953430176,0.45321089029312134,-2.64017915725708,0.9510554075241089,-2.92122483253479,1.0189591646194458,0.407484769821167,0.39593249559402466,0.38263076543807983,0.40022218227386475,0.4377390444278717,0.481990784406662,0.5227217674255371,0.5981961488723755,0.6507541537284851,0.5835167765617371,0.48231232166290283,0.428634911775589,0.04892680921052631,1023.2943371603274,hello
-393.7284240722656,104.80860900878906,15.400218963623047,37.78602600097656,-0.9106892943382263,16.809736251831055,0.6615146398544312,16.447031021118164,1.0356435775756836,11.951886177062988,-7.516940593719482,6.341273784637451,-5.3216023445129395,7.1043267250061035,4.5596723556518555,2.1451518535614014,2.9499316215515137,-0.6109055876731873,3.106583595275879,-0.5065343976020813,0.683493435382843,0.5722470283508301,0.5570788979530334,0.6028266549110413,0.5698497891426086,0.5414988398551941,0.548282265663147,0.5896930694580078,0.5950142741203308,0.5579865574836731,0.6038719415664673,0.681037187576294,0.07302886074029126,1972.2990809433077,hello
-351.19427490234375,129.2350311279297,-77.62812805175781,75.69790649414062,-33.406314849853516,59.51673126220703,-16.106477737426758,36.39010238647461,1.7716189622879028,9.996330261230469,16.455232620239258,-13.451997756958008,25.579113006591797,-15.351126670837402,15.871798515319824,-9.798530578613281,2.8017616271972656,-1.7645479440689087,-4.471607208251953,5.059014797210693,0.6959179043769836,0.7045953273773193,0.5530144572257996,0.5125355124473572,0.5154091715812683,0.5526060461997986,0.6039106249809265,0.6897122263908386,0.7144344449043274,0.6064897179603577,0.5842382907867432,0.6056480407714844,0.09353936887254902,2238.3271391427556,hello
-414.00146484375,145.9580841064453,-20.444765090942383,42.88349533081055,-33.01915740966797,31.280261993408203,5.016371250152588,30.45652961730957,16.913658142089844,13.176413536071777,9.872682571411133,-11.310747146606445,13.840807914733887,-8.534615516662598,5.623098850250244,-3.747223138809204,1.3213675022125244,2.355736017227173,-3.0232393741607666,1.4439245462417603,0.4624510109424591,0.4013344943523407,0.3591766059398651,0.3665938079357147,0.41470468044281006,0.4947628974914551,0.5222010016441345,0.7117912173271179,0.6171131134033203,0.461691290140152,0.36881497502326965,0.36023545265197754,0.050958806818181816,1360.3520190198801,hello
-435.348388671875,164.11729431152344,11.755151748657227,21.22480583190918,-16.916593551635742,10.025486946105957,8.298741340637207,23.634836196899414,17.874929428100586,19.272823333740234,8.87014102935791,-11.358087539672852,8.238317489624023,-0.5097100138664246,1.3908159732818604,-6.8018341064453125,-4.65032958984375,1.5746527910232544,-1.1692180633544922,3.062532901763916,0.36724504828453064,0.32526302337646484,0.3248522877693176,0.3551674485206604,0.47224488854408264,0.6183090806007385,0.7181654572486877,0.6125097870826721,0.40905243158340454,0.3183495104312897,0.33368656039237976,0.37678784132003784,0.03179931640625,837.4574854264632,hello
-465.89935302734375,149.08741760253906,-15.175681114196777,64.81611633300781,-8.660258293151855,54.53690719604492,3.510805368423462,22.982152938842773,1.2461899518966675,5.916988372802734,5.761332988739014,-5.852123737335205,19.824127197265625,-7.063773155212402,18.180988311767578,-2.6794419288635254,2.380250930786133,-0.5551921129226685,-5.801731109619141,2.1886725425720215,0.468354731798172,0.4407294690608978,0.37262293696403503,0.34620359539985657,0.39728567004203796,0.4512059986591339,0.5828319191932678,0.7601722478866577,0.7995685935020447,0.7466115355491638,0.50825035572052,0.4812920391559601,0.020821707589285716,1027.4001796094221,hello
-434.1312255859375,154.15780639648438,-10.95621395111084,58.56774139404297,-32.444210052490234,42.84089279174805,-2.140033006668091,35.68513488769531,8.62041187286377,6.233225345611572,11.578981399536133,-10.824551582336426,15.562727928161621,-10.373395919799805,12.107073783874512,-7.880579471588135,-3.108262538909912,-4.364071846008301,-5.401238918304443,2.8367903232574463,0.7476508617401123,0.5968287587165833,0.3522115647792816,0.309586763381958,0.41186630725860596,0.5580973029136658,0.4722135663032532,0.5412839651107788,0.5014310479164124,0.3661808967590332,0.3459155857563019,0.4688543677330017,0.039311247051886794,1304.2666797429833,hello
-403.24884033203125,122.12647247314453,-39.334510803222656,71.95398712158203,-34.40168762207031,46.922889709472656,-3.36295223236084,26.166776657104492,13.48670768737793,14.444725036621094,16.437101364135742,-8.854373931884766,13.169229507446289,-12.872249603271484,13.743062019348145,-4.276235580444336,4.015036106109619,0.5423694849014282,-6.103899002075195,1.7880996465682983,0.35477668046951294,0.37283748388290405,0.42273953557014465,0.48714253306388855,0.4608684480190277,0.4594927728176117,0.4800717234611511,0.5899090766906738,0.619753360748291,0.6101983785629272,0.42841288447380066,0.3605065941810608,0.07247792119565218,1875.232069284648,hello
-421.5342102050781,156.8957977294922,-6.36979341506958,42.56927490234375,-22.62381935119629,29.534748077392578,4.043225288391113,22.21404457092285,11.76755428314209,11.008467674255371,10.090557098388672,-9.480788230895996,10.095897674560547,-5.239180088043213,10.452964782714844,0.17165441811084747,1.0068144798278809,-0.006616468075662851,-4.496306896209717,-0.7570303082466125,0.36026763916015625,0.34395283460617065,0.49486425518989563,0.5990265011787415,0.5885715484619141,0.4949001967906952,0.38411247730255127,0.37101176381111145,0.43553075194358826,0.6229293942451477,0.6438350081443787,0.5018628239631653,0.030952785326086956,1026.8235413290856,hello
-445.0474853515625,148.8109130859375,-16.70340919494629,51.63607406616211,-48.70719909667969,40.629783630371094,-20.938138961791992,28.965906143188477,4.572002410888672,5.078060150146484,11.812581062316895,-8.236952781677246,12.967248916625977,-12.563096046447754,14.685977935791016,-12.15131950378418,3.731149435043335,-8.83366584777832,-2.893007278442383,4.461702346801758,0.5257468819618225,0.5326917171478271,0.5212470889091492,0.5125532150268555,0.5797674655914307,0.4859136641025543,0.43587255477905273,0.5301058292388916,0.5526540279388428,0.47842130064964294,0.4376140832901001,0.46005019545555115,0.1031646728515625,1795.8189905140835,hello
-404.9533996582031,162.5862579345703,-4.028176307678223,17.594141006469727,-15.143328666687012,25.09601402282715,13.20229434967041,8.88818645477295,8.833635330200195,1.6447391510009766,8.130426406860352,-5.14852237701416,3.7188262939453125,-4.726648807525635,-0.09089897572994232,-1.415521264076233,-3.6093850135803223,3.5240120887756348,-4.378432750701904,3.9376890659332275,0.5100620985031128,0.5453178286552429,0.5788763761520386,0.5897530913352966,0.5477482676506042,0.5254172086715698,0.5233725905418396,0.5472787618637085,0.5074532628059387,0.494707316160202,0.5368075966835022,0.5033556818962097,0.04358673095703125,1107.5402518262722,unclassified
-340.7481994628906,160.40335083007812,-11.910499572753906,7.728890419006348,-16.25286293029785,17.084646224975586,7.813966274261475,8.004724502563477,8.758759498596191,2.4154605865478516,5.092693328857422,-2.2858102321624756,5.42556095123291,-0.04369766637682915,3.317502737045288,-0.6922986507415771,-1.9133400917053223,-1.6768591403961182,-4.732763767242432,-1.0972709655761719,0.5940901041030884,0.48805901408195496,0.38538557291030884,0.34962916374206543,0.3607865869998932,0.36950770020484924,0.42487406730651855,0.47825610637664795,0.5341008901596069,0.551011323928833,0.6001467704772949,0.6615429520606995,0.050652761898712734,1097.7716366975446,unclassified
-348.0860595703125,173.4735565185547,-19.35790252685547,11.730895042419434,-21.305490493774414,23.011255264282227,7.579939842224121,6.876327037811279,6.352303981781006,2.1408486366271973,5.83734655380249,-1.9848804473876953,7.056777477264404,-2.1200098991394043,5.967164039611816,-1.4691073894500732,-2.1049253940582275,-1.0976893901824951,-4.819180488586426,-1.3339163064956665,0.5525662899017334,0.5454732179641724,0.4802767038345337,0.4088766872882843,0.37620678544044495,0.37314367294311523,0.40527623891830444,0.4321315586566925,0.48584413528442383,0.5194981694221497,0.5527077913284302,0.5725288987159729,0.0524249782894039,1048.1949830245442,unclassified
-238.3839569091797,120.62630462646484,-27.667903900146484,-9.979414939880371,-23.159687042236328,8.737221717834473,2.7035939693450928,5.874022960662842,-15.254176139831543,5.504698276519775,-8.716151237487793,1.5865459442138672,2.4462013244628906,15.573020935058594,-1.181127667427063,9.837969779968262,-4.257967948913574,1.5855027437210083,-7.593560695648193,4.063967704772949,0.5227925777435303,0.5418243408203125,0.3088465929031372,0.24169665575027466,0.23415245115756989,0.290762722492218,0.2655569314956665,0.21950861811637878,0.21574106812477112,0.29375290870666504,0.5599316358566284,0.5427373051643372,0.09737955729166667,1871.1864644659079,unclassified
-270.3247985839844,111.90467834472656,-19.125585556030273,5.3463335037231445,-13.544918060302734,6.658798694610596,1.3635056018829346,11.861844062805176,-14.279779434204102,3.5290958881378174,-8.745125770568848,2.4391705989837646,-4.204463481903076,10.373568534851074,-6.850009441375732,4.152893543243408,-6.812886714935303,2.070401906967163,-8.723135948181152,10.18529224395752,0.5188495516777039,0.5456908941268921,0.3295413851737976,0.2559327185153961,0.2678612470626831,0.25544190406799316,0.23703671991825104,0.274832546710968,0.29337218403816223,0.24840852618217468,0.3653051555156708,0.39829254150390625,0.10872700058411215,2110.6017084406226,unclassified
-238.51222229003906,119.6208724975586,-27.26156234741211,-9.71834659576416,-22.498699188232422,8.779326438903809,2.616713523864746,6.034096717834473,-15.113275527954102,5.687632083892822,-8.303034782409668,1.2935051918029785,2.1207473278045654,15.29663372039795,-1.6958708763122559,9.52175235748291,-4.168976783752441,1.696589469909668,-7.400583267211914,4.287800312042236,0.5032827854156494,0.5795897841453552,0.45906907320022583,0.2642638683319092,0.24800480902194977,0.28598061203956604,0.3231150507926941,0.25126558542251587,0.22817791998386383,0.2443934828042984,0.4231671392917633,0.6139921545982361,0.09777146242977527,1893.4575227638813,unclassified
-142.8888397216797,100.00524139404297,-57.643985748291016,-25.446012496948242,-37.009544372558594,-0.2617438733577728,3.752000570297241,5.711690425872803,-20.171857833862305,-4.6025567054748535,-4.040558338165283,7.655010223388672,3.382906913757324,17.546401977539062,-5.869705677032471,2.3658525943756104,-2.5176331996917725,-5.176248073577881,-5.188623428344727,13.058561325073242,0.473829984664917,0.525732696056366,0.6081509590148926,0.38025009632110596,0.24331775307655334,0.17838247120380402,0.2092735916376114,0.1310206949710846,0.09698885679244995,0.1388958990573883,0.2856720983982086,0.39047864079475403,0.10449647066885964,1964.8609461359483,unclassified
-370.0039367675781,155.75970458984375,-12.285741806030273,17.880931854248047,-13.004980087280273,24.03729820251465,19.83962631225586,13.758963584899902,4.236875534057617,-7.92104959487915,-0.2906220555305481,-6.923851490020752,6.236536979675293,-5.633066654205322,-3.437443494796753,1.1182767152786255,1.35098397731781,5.281620025634766,-5.899849891662598,-0.3091815114021301,0.5213792324066162,0.4436885714530945,0.5137695074081421,0.5541136860847473,0.4811543822288513,0.45754069089889526,0.4177728295326233,0.42716917395591736,0.49474209547042847,0.49053388833999634,0.5184520483016968,0.5377193689346313,0.05629701967592592,1187.2153601369544,distress
-347.10528564453125,145.82699584960938,-28.921215057373047,27.76260757446289,-27.090206146240234,35.29358673095703,11.425259590148926,16.676986694335938,7.978985786437988,-10.653456687927246,-1.0788270235061646,-3.4641144275665283,7.690151691436768,-8.589679718017578,1.1145505905151367,-3.3939952850341797,4.713097095489502,4.139082908630371,-4.293785572052002,-4.208803653717041,0.5188843607902527,0.5256169438362122,0.5565860867500305,0.49498647451400757,0.4077610671520233,0.2868689298629761,0.25403261184692383,0.32019153237342834,0.4170299470424652,0.4233889579772949,0.44726309180259705,0.5249246954917908,0.07194655012376237,1399.4267216459223,distress
-369.5912780761719,157.988037109375,-10.884753227233887,30.163972854614258,-25.908138275146484,34.384368896484375,10.528911590576172,22.852643966674805,-1.3991519212722778,-4.798740386962891,-0.4661167562007904,-12.936522483825684,9.899677276611328,-10.239752769470215,1.4969007968902588,-4.338389873504639,3.9916794300079346,2.0314815044403076,-4.065311908721924,-2.230827569961548,0.5444287657737732,0.4253270924091339,0.45123133063316345,0.5289093852043152,0.42949193716049194,0.4105404317378998,0.42983144521713257,0.4617711901664734,0.5117583274841309,0.525193452835083,0.5294457077980042,0.5779147744178772,0.053203125,1184.9163058313188,distress
-348.2396545410156,144.7381134033203,-18.690977096557617,30.24709129333496,-27.581960678100586,36.839046478271484,14.679764747619629,12.255411148071289,15.061698913574219,-7.790385723114014,-1.159225344657898,-3.524069309234619,2.326504707336426,-8.828597068786621,-3.0716822147369385,-4.672034740447998,3.0784828662872314,2.3522675037384033,-1.6436940431594849,-1.906980276107788,0.2487693578004837,0.153346985578537,0.3125627934932709,0.6101776361465454,0.8036292791366577,0.37211155891418457,0.17351549863815308,0.15073399245738983,0.19766490161418915,0.20242780447006226,0.1797245889902115,0.22930936515331268,0.053562769396551725,1333.4707415063315,distress
-350.5797119140625,141.67539978027344,-15.578181266784668,36.87300491333008,-27.84027099609375,37.95603942871094,11.225664138793945,10.509574890136719,14.116839408874512,-9.380817413330078,0.0024801890831440687,-3.640791177749634,2.009192705154419,-8.232224464416504,-3.3476147651672363,-8.38497543334961,2.6394166946411133,4.6791181564331055,-2.812678098678589,-3.8406779766082764,0.16258934140205383,0.24026024341583252,0.7462233901023865,0.8243104219436646,0.48158782720565796,0.17595700919628143,0.17485687136650085,0.21382392942905426,0.23761236667633057,0.21676956117153168,0.1997300535440445,0.17925946414470673,0.058186848958333336,1358.554224263692,distress
-398.41448974609375,163.8799285888672,-20.43310546875,42.554351806640625,-12.973613739013672,30.415176391601562,10.611037254333496,19.38380241394043,4.793097972869873,-4.921255111694336,6.546164512634277,-2.4638757705688477,10.208088874816895,-3.031099557876587,-1.2176666259765625,-10.580188751220703,0.37843042612075806,-0.8535277247428894,-5.735980033874512,-4.471810817718506,0.22824621200561523,0.5779052972793579,0.9567744135856628,0.5144555568695068,0.21514993906021118,0.18721158802509308,0.208807110786438,0.183150976896286,0.17791686952114105,0.1837763488292694,0.13182832300662994,0.10791859030723572,0.03243815104166667,991.8273459747876,distress
-371.56317138671875,152.91505432128906,-30.20830535888672,38.962337493896484,-15.508122444152832,33.495513916015625,12.079001426696777,20.924123764038086,4.114945411682129,-8.374452590942383,6.304701805114746,-7.897902965545654,6.573704719543457,-4.174561977386475,-2.681830883026123,-7.22086238861084,-0.018684467300772667,-5.1915388107299805,-8.251482009887695,-5.741941928863525,0.29841265082359314,0.627098023891449,0.8180482387542725,0.5931424498558044,0.21734967827796936,0.1303596943616867,0.1777832806110382,0.29673561453819275,0.3327922224998474,0.3992369771003723,0.24942483007907867,0.2070056051015854,0.05350020559210526,1209.0840674840788,distress
-363.8614807128906,151.5269012451172,-20.023761749267578,25.040233612060547,-22.042583465576172,34.16450881958008,11.854501724243164,20.53982162475586,-3.155752658843994,-6.084714412689209,2.1541051864624023,-9.209248542785645,12.029823303222656,-10.101909637451172,-0.6549861431121826,-0.9621203541755676,5.43248987197876,2.5399458408355713,-3.623260259628296,-0.7469213008880615,0.49435245990753174,0.3985731303691864,0.5658193826675415,0.6128663420677185,0.5647012591362,0.5311755537986755,0.45468899607658386,0.44191306829452515,0.49811941385269165,0.47697320580482483,0.4898853302001953,0.483669251203537,0.06560456031976744,1318.6278883220807,distress
-347.5928649902344,140.63894653320312,-22.849273681640625,31.109621047973633,-23.973358154296875,36.116676330566406,14.498661994934082,11.228158950805664,8.473550796508789,-12.285676002502441,-0.9123605489730835,-1.655050277709961,4.1906538009643555,-4.95632791519165,-0.11136846244335175,-6.279982089996338,3.0270116329193115,4.96095609664917,0.04192318394780159,-2.375107526779175,0.500076949596405,0.6007207632064819,0.6842054724693298,0.4292619228363037,0.45954060554504395,0.46168577671051025,0.39319416880607605,0.4413025975227356,0.43834084272384644,0.42483797669410706,0.46347078680992126,0.48718059062957764,0.06838838180693069,1414.1223545516193,distress
-334.28326416015625,134.67825317382812,-29.174930572509766,30.096920013427734,-28.357772827148438,38.23122787475586,16.46804428100586,9.916166305541992,11.149435043334961,-12.396323204040527,-2.2522380352020264,-1.1140170097351074,5.87522554397583,-6.940948963165283,-3.997661590576172,-2.990203857421875,6.04262113571167,4.496926784515381,1.2103909254074097,-0.39558523893356323,0.4455097019672394,0.4440520703792572,0.6393324136734009,0.6246981024742126,0.3890025317668915,0.48457247018814087,0.3540799617767334,0.2680193781852722,0.2864261269569397,0.272288978099823,0.3156687915325165,0.35167041420936584,0.08234950474330358,1568.311361636794,distress
-330.3827819824219,142.2136688232422,-22.580738067626953,31.032060623168945,-27.808147430419922,36.623695373535156,19.212554931640625,13.699810028076172,11.29620361328125,-11.349807739257812,-2.6530327796936035,-3.307300567626953,3.397721290588379,-7.201755523681641,-0.9319798946380615,-4.085212707519531,1.6395713090896606,3.0736663341522217,-1.2237111330032349,-2.537811279296875,0.3091554343700409,0.36743608117103577,0.5173211097717285,0.4527800381183624,0.6176453828811646,0.34857162833213806,0.18715058267116547,0.19416069984436035,0.18582561612129211,0.21153853833675385,0.339277058839798,0.4694129228591919,0.06353712451550388,1371.1648089918876,distress
-351.3263244628906,145.6558380126953,-19.90912628173828,31.32297134399414,-30.29658317565918,38.40315628051758,10.531414985656738,10.766375541687012,15.569073677062988,-9.023795127868652,-0.09938738495111465,-4.553098678588867,1.5658397674560547,-7.83621883392334,-3.232367992401123,-5.152670860290527,3.442819833755493,2.832526683807373,-0.6692714095115662,-1.3013174533843994,0.417929470539093,0.2321026623249054,0.41012105345726013,0.4761938154697418,0.6485863924026489,0.5729773044586182,0.2771960496902466,0.23830194771289825,0.26024580001831055,0.2739719748497009,0.3238966763019562,0.4051307737827301,0.06416095671106557,1402.7478916514187,distress
-395.8886413574219,164.75596618652344,-22.261625289916992,42.808815002441406,-12.716355323791504,30.580961227416992,11.499406814575195,19.512374877929688,4.506141662597656,-5.280693054199219,6.253643035888672,-1.9373753070831299,10.855902671813965,-3.1904783248901367,-1.5834232568740845,-10.985183715820312,0.3910595178604126,-0.7630347609519958,-5.9075422286987305,-4.501455307006836,0.22194167971611023,0.5689747333526611,0.9652276635169983,0.4821853041648865,0.1881391406059265,0.16892345249652863,0.18839238584041595,0.16804400086402893,0.1754932850599289,0.18104210495948792,0.12831535935401917,0.10248833149671555,0.032697023266423354,990.9415673514693,distress
-335.14190673828125,142.8610076904297,-25.889257431030273,32.140323638916016,-29.363370895385742,38.7639274597168,14.783191680908203,13.88973617553711,15.467233657836914,-10.209738731384277,-2.1221742630004883,-2.3328871726989746,4.42285680770874,-9.810736656188965,-3.546961784362793,-5.078174591064453,3.2200610637664795,3.7905006408691406,0.24096737802028656,-1.9315948486328125,0.2757808566093445,0.17061838507652283,0.345781147480011,0.6927505731582642,0.7370214462280273,0.3310510814189911,0.16636480391025543,0.15235689282417297,0.2120271921157837,0.21771250665187836,0.17380614578723907,0.21318252384662628,0.05983758223684211,1415.3577426870568,distress
-383.2489318847656,150.9014129638672,-36.55638885498047,17.845012664794922,-21.243167877197266,19.3669490814209,20.75779914855957,14.53354263305664,11.657245635986328,-4.909857749938965,3.4574193954467773,-4.026660919189453,12.588613510131836,-4.9703049659729,-7.881833553314209,1.6547521352767944,0.45322152972221375,2.9128050804138184,-5.91888952255249,2.5230822563171387,0.5405574440956116,0.4389004707336426,0.4750419855117798,0.5477009415626526,0.4724317491054535,0.396185964345932,0.3759271502494812,0.5801869630813599,0.5350072979927063,0.4603588581085205,0.4478079378604889,0.4989568591117859,0.07296470083841464,1374.2852083488806,other
-131.79086303710938,73.22779846191406,-69.14881134033203,-25.70989227294922,-18.53594207763672,-3.43684458732605,-7.9163818359375,19.78166961669922,-8.257774353027344,13.408943176269531,4.901104927062988,7.32726526260376,-5.567630290985107,1.5990501642227173,-8.582249641418457,4.31538724899292,-2.977942705154419,6.735388278961182,-5.569380283355713,5.9551849365234375,0.382757306098938,0.4095509648323059,0.48378828167915344,0.47060996294021606,0.654425859451294,0.5618556141853333,0.510094940662384,0.33302760124206543,0.3242376744747162,0.32539132237434387,0.2564612627029419,0.24775849282741547,0.1474815691021127,2373.06828994493,other
-161.6640625,58.292449951171875,-68.73207092285156,-3.7717127799987793,0.87430739402771,-3.143287420272827,-14.639410972595215,16.1275634765625,-3.2696197032928467,10.445199966430664,-5.562687397003174,-2.1833622455596924,-7.899190902709961,-10.55868911743164,-1.4170316457748413,12.188850402832031,-4.438415050506592,9.19682502746582,-4.2475714683532715,5.473726749420166,0.4696449637413025,0.6051703691482544,0.5558419227600098,0.46506038308143616,0.34871557354927063,0.3383353650569916,0.38362568616867065,0.5012757778167725,0.5489763617515564,0.39974215626716614,0.4053836762905121,0.44189780950546265,0.15352076480263158,2522.0331499247595,other
-173.1735382080078,62.48930358886719,-80.0145263671875,-13.338580131530762,0.3685867488384247,2.132328987121582,-15.651715278625488,12.3836088180542,-5.351978778839111,5.897970676422119,-0.6594066023826599,2.8868532180786133,-9.611235618591309,-4.534970283508301,-0.042970333248376846,13.857993125915527,-1.8270777463912964,8.6094331741333,-10.714366912841797,3.9186601638793945,0.5680382251739502,0.6035332083702087,0.8340639472007751,0.599443256855011,0.5139403939247131,0.6449076533317566,0.5382316708564758,0.4838700294494629,0.4895060360431671,0.337969034910202,0.3309844434261322,0.533802330493927,0.1368741122159091,2343.492407662142,other
-320.3243408203125,153.57717895507812,-29.365999221801758,17.398868560791016,-9.157999038696289,0.9086964726448059,7.435940265655518,7.005545139312744,-1.5791035890579224,-0.15206272900104523,12.081300735473633,0.0025871912948787212,0.07656790316104889,-1.0027815103530884,-2.2806363105773926,-3.0289504528045654,-0.08884938806295395,1.0685431957244873,-6.146117687225342,5.687251567840576,0.38837823271751404,0.4374696612358093,0.5535294413566589,0.5905677676200867,0.5662007927894592,0.5666701197624207,0.550993025302887,0.5087105631828308,0.41911208629608154,0.3892315626144409,0.3903476595878601,0.34132954478263855,0.0786041259765625,1377.9224668004251,other
-395.05450439453125,160.29986572265625,-4.261935710906982,40.89970016479492,-51.05707931518555,33.34389114379883,-9.973320007324219,23.243284225463867,-1.4457924365997314,11.986199378967285,12.444937705993652,-12.340739250183105,15.21302604675293,-11.0830078125,9.462286949157715,-14.065194129943848,-1.0759339332580566,-3.7689270973205566,1.3460509777069092,2.4619038105010986,0.4200392961502075,0.46451279520988464,0.5726366639137268,0.5784651637077332,0.5563040971755981,0.4875924587249756,0.48253172636032104,0.5553791522979736,0.4356110692024231,0.30486541986465454,0.34969666600227356,0.3825768828392029,0.055731411637931036,1344.8721923187734,other
-528.691650390625,133.0142059326172,10.026612281799316,-7.160749912261963,-15.73594856262207,0.2918347716331482,-0.26022326946258545,3.9399964809417725,5.142047882080078,2.9720919132232666,0.9442270398139954,0.04397667199373245,-1.4083689451217651,5.385593891143799,1.7004517316818237,3.061671018600464,5.032041549682617,3.634247064590454,0.48380202054977417,-3.0914721488952637,0.502661943435669,0.5061448812484741,0.518783450126648,0.5103580355644226,0.41187533736228943,0.38296398520469666,0.46756941080093384,0.5124674439430237,0.44208353757858276,0.4449315369129181,0.48142412304878235,0.48189860582351685,0.19162431735436894,2221.4165031517127,other
-447.4936828613281,162.05694580078125,19.550676345825195,2.300245523452759,-25.31818389892578,0.114609494805336,6.566932678222656,1.8510147333145142,10.232465744018555,13.240280151367188,-5.484219074249268,-2.25395131111145,-1.482886791229248,-2.1386210918426514,-3.622173309326172,0.4094265401363373,2.863600492477417,-1.240887999534607,1.4183365106582642,-6.184086799621582,0.3285693824291229,0.34157222509384155,0.3364120423793793,0.4546002745628357,0.5472814440727234,0.4749221205711365,0.4288689196109772,0.6969568729400635,0.7078722715377808,0.4597180187702179,0.38576841354370117,0.36462777853012085,0.05292217548076923,1148.0516042410009,other
-453.115478515625,155.55145263671875,26.932504653930664,5.348047733306885,-28.11989974975586,7.62585973739624,-3.4617786407470703,7.392209529876709,3.0750741958618164,10.63476276397705,-10.098047256469727,0.2880704998970032,-4.314607620239258,6.045774459838867,7.99766206741333,2.8223984241485596,3.495070457458496,-8.810248374938965,-6.323765754699707,-9.828113555908203,0.384427011013031,0.30010780692100525,0.22798530757427216,0.2445690631866455,0.30808335542678833,0.34181514382362366,0.3167068064212799,0.23110154271125793,0.2627488970756531,0.3061636686325073,0.4181554913520813,0.5670520067214966,0.0575103759765625,1218.535189790864,other
-425.7225646972656,180.37339782714844,1.8628575801849365,-10.227766036987305,-37.99763870239258,2.228912830352783,3.2981317043304443,-4.013309001922607,5.752268314361572,11.8109769821167,-16.725482940673828,-4.4228739738464355,-10.449251174926758,1.9274579286575317,6.0871052742004395,3.5344507694244385,7.332884788513184,-3.850285768508911,-1.465022087097168,-11.91279125213623,0.23346734046936035,0.21824601292610168,0.2784439027309418,0.3390568494796753,0.3488333225250244,0.3211421072483063,0.25622808933258057,0.29441970586776733,0.41144269704818726,0.4931131601333618,0.4114636182785034,0.3342454731464386,0.06121669671474359,1106.6986133839248,other
-459.65582275390625,166.78582763671875,9.30143928527832,2.9457321166992188,-31.903358459472656,4.375097751617432,2.820416212081909,3.700221061706543,7.287599563598633,14.170458793640137,-7.844898223876953,1.029883861541748,-5.592268466949463,0.4117518365383148,7.053928852081299,8.840803146362305,11.428662300109863,-2.2148919105529785,-0.2269468605518341,-3.4715912342071533,0.3875627815723419,0.30033570528030396,0.34663042426109314,0.34104689955711365,0.31087684631347656,0.3234783709049225,0.39244967699050903,0.42677024006843567,0.3867119550704956,0.5277606248855591,0.5078883767127991,0.46829941868782043,0.05490638469827586,1110.0257955593963,other
-397.5985412597656,167.74742126464844,-17.031476974487305,36.73160171508789,-39.40324401855469,35.56312561035156,3.85524582862854,19.427499771118164,4.267235279083252,4.414562702178955,10.88401985168457,-9.326909065246582,9.778285026550293,-9.638456344604492,1.3087459802627563,-9.969954490661621,0.6154121160507202,-0.6036216020584106,-0.48437246680259705,1.868158221244812,0.4332975149154663,0.4367557764053345,0.4738044738769531,0.5376681685447693,0.540980339050293,0.5452693700790405,0.5576580166816711,0.5245947241783142,0.5213095545768738,0.5219284892082214,0.5355038642883301,0.5123193860054016,0.047421875,1192.6775437663634,other
-483.9792175292969,150.69287109375,16.715600967407227,25.44948387145996,-15.752986907958984,18.971424102783203,6.4147868156433105,9.23073673248291,4.943727493286133,12.509040832519531,-2.4940457344055176,6.402101993560791,-3.398810863494873,2.6382176876068115,9.449973106384277,8.158514022827148,10.04240608215332,-4.33097505569458,-1.8186051845550537,-3.7081241607666016,0.43524155020713806,0.3907148838043213,0.3338603377342224,0.316363126039505,0.3501894176006317,0.3446529507637024,0.3641951084136963,0.435036301612854,0.4802325665950775,0.5701256990432739,0.6371909379959106,0.49509716033935547,0.04063648897058823,1022.1570992966251,other
-385.3944091796875,179.86248779296875,-0.579399824142456,23.372827529907227,-32.40019989013672,22.387645721435547,-4.583382606506348,6.973151206970215,10.48798656463623,7.3267292976379395,7.90297794342041,-6.944524765014648,2.6054799556732178,-11.000300407409668,3.3420729637145996,-3.997048854827881,0.9665867686271667,2.611363172531128,-5.508749008178711,-4.621827602386475,0.3295641243457794,0.3529863953590393,0.37530460953712463,0.43204694986343384,0.49371182918548584,0.5855599641799927,0.47650501132011414,0.4200728237628937,0.42666390538215637,0.4389818012714386,0.47114813327789307,0.4095834791660309,0.047770182291666664,945.3675447342602,other
-371.167724609375,172.0850830078125,3.2293944358825684,37.78304672241211,-48.52946090698242,36.962398529052734,-4.3718061447143555,11.3467378616333,2.1013927459716797,4.43403959274292,12.437459945678711,-10.230591773986816,8.638267517089844,-16.108030319213867,3.728147029876709,-3.089583158493042,-3.07778000831604,-2.652742385864258,-0.7456448078155518,1.8323171138763428,0.5851284265518188,0.6814135313034058,0.5355274677276611,0.47379136085510254,0.5175442099571228,0.38879328966140747,0.35725271701812744,0.37010863423347473,0.3967089056968689,0.423379123210907,0.39534226059913635,0.46253153681755066,0.04611766581632653,1278.8136784719861,other
-367.3569030761719,179.2144317626953,9.194746017456055,13.355375289916992,-31.912797927856445,26.01747703552246,-0.5079736113548279,3.2809810638427734,5.6297831535339355,-1.4885905981063843,4.74265193939209,-4.25046968460083,8.471318244934082,-0.42455652356147766,0.16050031781196594,-6.860037803649902,-3.7077739238739014,-5.652239799499512,-4.490811347961426,-0.24655011296272278,0.5112587809562683,0.40477481484413147,0.3098747134208679,0.28331372141838074,0.3021489679813385,0.38162586092948914,0.32396337389945984,0.4247848689556122,0.4347372055053711,0.22385825216770172,0.22530688345432281,0.36474111676216125,0.040623256138392856,926.2122067101138,other
-416.0548095703125,137.00137329101562,14.67721939086914,2.0528643131256104,-25.781402587890625,7.7011027336120605,-8.950225830078125,9.626160621643066,-0.04319930821657181,18.635555267333984,-11.144641876220703,-2.178391456604004,-11.365504264831543,-1.2492660284042358,1.9961239099502563,6.35033655166626,1.5012296438217163,-6.313872337341309,1.447439193725586,-5.410516738891602,0.38657882809638977,0.34274256229400635,0.3115711212158203,0.280660480260849,0.26786816120147705,0.30368250608444214,0.3573198914527893,0.4677341878414154,0.6032489538192749,0.45317932963371277,0.34723833203315735,0.34327831864356995,0.07512555803571429,1665.5030937486688,other
-472.6561584472656,199.57000732421875,-0.5235877633094788,3.8401007652282715,-21.897624969482422,-10.867982864379883,-9.577570915222168,6.2547607421875,-0.8781434297561646,-0.22562293708324432,-15.284456253051758,-6.1820149421691895,-10.583946228027344,5.531657695770264,6.364844799041748,6.82426118850708,8.727718353271484,-6.8164472579956055,-5.1814703941345215,-13.38668155670166,0.25379687547683716,0.22813571989536285,0.29103758931159973,0.2354121208190918,0.13051027059555054,0.11549070477485657,0.1647389978170395,0.24339617788791656,0.2872527539730072,0.49422720074653625,0.5141096115112305,0.38022246956825256,0.05084007906626506,824.6039607317267,other
-507.5525207519531,187.97459411621094,1.4219518899917603,7.089005947113037,-7.657616138458252,8.286186218261719,-7.07389497756958,13.428945541381836,7.606842041015625,3.8837547302246094,-14.947751998901367,6.209080696105957,-4.895230770111084,-0.5828732252120972,4.560945510864258,4.419005870819092,0.1364317238330841,-8.257328033447266,-0.253814160823822,-3.111955165863037,0.45542439818382263,0.395498663187027,0.3587941527366638,0.27587372064590454,0.2590883672237396,0.28741830587387085,0.3563973605632782,0.39283785223960876,0.42737093567848206,0.37675875425338745,0.46979883313179016,0.5180537700653076,0.05039760044642857,950.3993275477403,other
-228.0642852783203,111.61954498291016,-23.389755249023438,-21.082565307617188,-21.09481430053711,3.5863397121429443,5.821617126464844,10.639204978942871,-5.394908428192139,-7.2099151611328125,-6.6964240074157715,-0.20662783086299896,-0.697372317314148,11.017121315002441,0.023909546434879303,-0.34317678213119507,-7.0039143562316895,3.6115148067474365,-2.120098114013672,4.212891101837158,0.5088502168655396,0.5980014801025391,0.4342733919620514,0.24032604694366455,0.19074341654777527,0.21243910491466522,0.3077828884124756,0.30094608664512634,0.24211369454860687,0.3031696677207947,0.30278709530830383,0.3802759647369385,0.09230813419117648,1849.807522077596,other
-227.9451141357422,115.78317260742188,-25.36020278930664,-22.74481773376465,-21.95561408996582,2.091155767440796,5.390102863311768,10.511688232421875,-5.597039222717285,-8.36396598815918,-8.168424606323242,-1.2923084497451782,-1.1109788417816162,10.170509338378906,-0.6267350912094116,1.261013150215149,-4.942707538604736,2.711768627166748,-3.1635148525238037,3.842155933380127,0.552192747592926,0.5959979295730591,0.4045833945274353,0.2819889187812805,0.1973223239183426,0.20160435140132904,0.27556535601615906,0.2872196435928345,0.26670101284980774,0.38940441608428955,0.37753334641456604,0.424913614988327,0.09259664601293104,1798.5185705917945,other
-454.2388610839844,148.0345916748047,-29.895910263061523,45.20582962036133,-24.700746536254883,36.27424621582031,-9.921549797058105,16.299562454223633,1.6516568660736084,2.8837265968322754,9.02946949005127,-5.1397833824157715,12.85306453704834,-11.061668395996094,5.554483890533447,-8.246335983276367,3.799623727798462,-1.0067007541656494,-0.3293355405330658,4.192516326904297,0.7113264203071594,0.6857957243919373,0.6095626950263977,0.5751034021377563,0.5756887793540955,0.5926693677902222,0.5923284888267517,0.6373012065887451,0.6512538194656372,0.6752148270606995,0.6662483811378479,0.6715242862701416,0.0701399494830827,1567.7447518288252,noise
-472.43267822265625,157.46405029296875,-21.710466384887695,38.759910583496094,-22.817628860473633,34.29288101196289,-4.26984977722168,12.187695503234863,1.7981029748916626,4.347302436828613,8.818936347961426,-7.586959362030029,7.993961334228516,-10.4344482421875,4.590203762054443,-5.210855007171631,3.454603910446167,0.9161204099655151,1.4627885818481445,4.702603340148926,0.6649077534675598,0.6299648880958557,0.6043576002120972,0.6399804949760437,0.6465851068496704,0.6705429553985596,0.6408650279045105,0.6696841716766357,0.6716791987419128,0.6409260034561157,0.6241391897201538,0.6583132743835449,0.05719874598869193,1319.1674808847622,noise
-490.17431640625,177.76663208007812,-20.40578842163086,52.352699279785156,-30.24445152282715,39.66056442260742,-7.155345916748047,15.664847373962402,-2.2682993412017822,3.832437753677368,6.47930908203125,-10.097627639770508,8.026192665100098,-14.180672645568848,6.008252143859863,-6.10199499130249,7.74286413192749,0.5417732000350952,3.3834292888641357,5.386196613311768,0.493758887052536,0.4883081316947937,0.5048211812973022,0.6423061490058899,0.7859262824058533,0.6623482704162598,0.5459750294685364,0.5146705508232117,0.5083408355712891,0.4939013719558716,0.5170469284057617,0.5533026456832886,0.04016007918464858,1075.0118520517674,noise
-431.08416748046875,126.25662231445312,-22.75218963623047,30.78755760192871,-7.214999675750732,18.755876541137695,-0.33416593074798584,0.5778840780258179,9.442357063293457,-1.1442991495132446,4.5874857902526855,-7.654456615447998,7.393551349639893,-3.180492877960205,3.138526678085327,3.0648868083953857,-0.30563661456108093,5.18755578994751,-4.958452224731445,8.570756912231445,0.6020848751068115,0.6012730002403259,0.6250211596488953,0.664591372013092,0.631165623664856,0.6067233681678772,0.6132005453109741,0.615341067314148,0.6696653962135315,0.706979513168335,0.6386739611625671,0.6144943237304688,0.08645633555204572,1770.9147600033714,noise
-377.6237487792969,112.60749816894531,-2.877143144607544,29.62681007385254,2.5331380367279053,19.5511474609375,9.695054054260254,6.653816223144531,11.602324485778809,3.6604292392730713,6.1596760749816895,-0.08320736140012741,6.320992469787598,0.1365814208984375,4.28497314453125,5.338049411773682,2.13271164894104,3.23250150680542,-2.182976722717285,4.147842884063721,0.6890397071838379,0.649280309677124,0.646776020526886,0.6288979649543762,0.6025425791740417,0.6176418662071228,0.6008902192115784,0.630560576915741,0.6718484163284302,0.7017405033111572,0.7067157626152039,0.7064922451972961,0.0640670662858661,1556.9256484877044,noise
-497.4157409667969,169.85440063476562,19.280658721923828,-1.2925456762313843,-18.5045223236084,-1.7975552082061768,1.0382457971572876,6.164048671722412,4.517192840576172,11.391399383544922,-4.965787410736084,6.791805744171143,-3.214106559753418,2.9186997413635254,3.3754429817199707,-0.30723997950553894,2.463163137435913,0.2991930842399597,4.109591007232666,-4.134283065795898,0.4229455292224884,0.3494737446308136,0.3261004388332367,0.29939499497413635,0.3106641471385956,0.3317560851573944,0.3155173659324646,0.4596616327762604,0.5862494111061096,0.45797213912010193,0.36564168334007263,0.3971426784992218,0.0483618384009009,1102.8073901858418,unknown
-445.76470947265625,148.39892578125,16.42593002319336,11.224297523498535,-27.889711380004883,11.55617618560791,-8.192888259887695,-2.700974464416504,-7.894625186920166,8.677264213562012,-15.04831600189209,1.2454913854599,-7.663569450378418,5.619215488433838,8.210143089294434,1.6756342649459839,0.6250961422920227,-10.2771577835083,-2.8880715370178223,-7.543508052825928,0.32368865609169006,0.2917057275772095,0.31607314944267273,0.41777968406677246,0.3278868496417999,0.16459260880947113,0.18744324147701263,0.38556554913520813,0.445700079202652,0.4288168251514435,0.5159460306167603,0.49714237451553345,0.05572385204081633,1389.1761419399302,unknown
